epoch,train_loss,val_loss
1,0.04591319176198782,0.015405576396733522
2,0.01747947002647854,0.013664606139063834
