epoch,train_loss,val_loss
1,0.04247887833049102,0.014350454322993755
2,0.016521893936767614,0.013744282387197018
