epoch,train_loss,val_loss
1,0.01445834112329474,0.01502012986689806
2,0.013989450728006607,0.015671083685010672
